unit,symbol,section,is_asset,value,declaration
Speed/Indep/SourceLists/zMisc,BrakesModelPackFilename,data,1,CARS\BRAKES\GEOMETRY.BIN,"const char* BrakesModelPackFilename = ""CARS\\BRAKES\\GEOMETRY.BIN"";"
Speed/Indep/SourceLists/zMisc,BrakesTexturePackFilename,data,1,CARS\BRAKES\TEXTURES.BIN,"const char* BrakesTexturePackFilename = ""CARS\\BRAKES\\TEXTURES.BIN"";"
Speed/Indep/SourceLists/zMisc,CarTexturePackFilename,data,1,CARS\TEXTURES.BIN,"const char* CarTexturePackFilename = ""CARS\\TEXTURES.BIN"";"
Speed/Indep/SourceLists/zMisc,ChunkNameTable,data,,BCHUNK_NULL,"const char* ChunkNameTable = ""BCHUNK_NULL"";"
Speed/Indep/SourceLists/zMisc,DynamicTexturePackFilename,data,1,GLOBAL\DYNTEX.BIN,"const char* DynamicTexturePackFilename = ""GLOBAL\\DYNTEX.BIN"";"
Speed/Indep/SourceLists/zMisc,HudDragSplitScreenTexturePackFilename,data,1,GLOBAL\HUDTEXDRAGSPLIT.BIN,"const char* HudDragSplitScreenTexturePackFilename = ""GLOBAL\\HUDTEXDRAGSPLIT.BIN"";"
Speed/Indep/SourceLists/zMisc,HudDragTexturePackFilename,data,1,GLOBAL\HUDTEXDRAG.BIN,"const char* HudDragTexturePackFilename = ""GLOBAL\\HUDTEXDRAG.BIN"";"
Speed/Indep/SourceLists/zMisc,HudSingleRaceTexturePackFilename,data,1,GLOBAL\HUDTEXRACE.BIN,"const char* HudSingleRaceTexturePackFilename = ""GLOBAL\\HUDTEXRACE.BIN"";"
Speed/Indep/SourceLists/zMisc,HudSplitScreenTexturePackFilename,data,1,GLOBAL\HUDTEXSPLIT.BIN,"const char* HudSplitScreenTexturePackFilename = ""GLOBAL\\HUDTEXSPLIT.BIN"";"
Speed/Indep/SourceLists/zMisc,LoadingBootName,data,,loading_boot.fng,"const char* LoadingBootName = ""loading_boot.fng"";"
Speed/Indep/SourceLists/zMisc,LoadingControllerScreenPackageName,data,,Loading_Controller.fng,"const char* LoadingControllerScreenPackageName = ""Loading_Controller.fng"";"
Speed/Indep/SourceLists/zMisc,NFSJoylogChannelInfoTable,data,,JOYLOG_CHANNEL_NONE,"const char* NFSJoylogChannelInfoTable = ""JOYLOG_CHANNEL_NONE"";"
Speed/Indep/SourceLists/zMisc,NFSJoylogChannelInfoTable,data,,JOYLOG_CHANNEL_CONFIG,"const char* NFSJoylogChannelInfoTable = ""JOYLOG_CHANNEL_CONFIG"";"
Speed/Indep/SourceLists/zMisc,NFSJoylogChannelInfoTable,data,,JOYLOG_CHANNEL_JOYEVENTS,"const char* NFSJoylogChannelInfoTable = ""JOYLOG_CHANNEL_JOYEVENTS"";"
Speed/Indep/SourceLists/zMisc,NFSJoylogChannelInfoTable,data,,JOYLOG_CHANNEL_TIMESTEP,"const char* NFSJoylogChannelInfoTable = ""JOYLOG_CHANNEL_TIMESTEP"";"
Speed/Indep/SourceLists/zMisc,NFSJoylogChannelInfoTable,data,,JOYLOG_CHANNEL_CHECKSUM,"const char* NFSJoylogChannelInfoTable = ""JOYLOG_CHANNEL_CHECKSUM"";"
Speed/Indep/SourceLists/zMisc,NFSJoylogChannelInfoTable,data,,JOYLOG_CHANNEL_LOOP_COUNTER,"const char* NFSJoylogChannelInfoTable = ""JOYLOG_CHANNEL_LOOP_COUNTER"";"
Speed/Indep/SourceLists/zMisc,NFSJoylogChannelInfoTable,data,,JOYLOG_CHANNEL_QUEUEDFILE_STATUS,"const char* NFSJoylogChannelInfoTable = ""JOYLOG_CHANNEL_QUEUEDFILE_STATUS"";"
Speed/Indep/SourceLists/zMisc,NFSJoylogChannelInfoTable,data,,JOYLOG_CHANNEL_QUEUEDFILENAME,"const char* NFSJoylogChannelInfoTable = ""JOYLOG_CHANNEL_QUEUEDFILENAME"";"
Speed/Indep/SourceLists/zMisc,NFSJoylogChannelInfoTable,data,,JOYLOG_CHANNEL_MOVIE_PLAYER_STATUS,"const char* NFSJoylogChannelInfoTable = ""JOYLOG_CHANNEL_MOVIE_PLAYER_STATUS"";"
Speed/Indep/SourceLists/zMisc,NFSJoylogChannelInfoTable,data,,JOYLOG_CHANNEL_MEMORY_CARD,"const char* NFSJoylogChannelInfoTable = ""JOYLOG_CHANNEL_MEMORY_CARD"";"
Speed/Indep/SourceLists/zMisc,NFSJoylogChannelInfoTable,data,,JOYLOG_CHANNEL_RANDOM,"const char* NFSJoylogChannelInfoTable = ""JOYLOG_CHANNEL_RANDOM"";"
Speed/Indep/SourceLists/zMisc,NFSJoylogChannelInfoTable,data,,JOYLOG_CHANNEL_PRINTF,"const char* NFSJoylogChannelInfoTable = ""JOYLOG_CHANNEL_PRINTF"";"
Speed/Indep/SourceLists/zMisc,NFSJoylogChannelInfoTable,data,,JOYLOG_CHANNEL_SOUND_LOADING,"const char* NFSJoylogChannelInfoTable = ""JOYLOG_CHANNEL_SOUND_LOADING"";"
Speed/Indep/SourceLists/zMisc,NFSJoylogChannelInfoTable,data,,JOYLOG_CHANNEL_PATHFINDER_TIMEOUT,"const char* NFSJoylogChannelInfoTable = ""JOYLOG_CHANNEL_PATHFINDER_TIMEOUT"";"
Speed/Indep/SourceLists/zMisc,RoofScoopModelPackFilename,data,1,CARS\ROOF\GEOMETRY.BIN,"const char* RoofScoopModelPackFilename = ""CARS\\ROOF\\GEOMETRY.BIN"";"
Speed/Indep/SourceLists/zMisc,SpoilerCarreraModelPackFilename,data,1,CARS\SPOILER_CARRERA\GEOMETRY.BIN,"const char* SpoilerCarreraModelPackFilename = ""CARS\\SPOILER_CARRERA\\GEOMETRY.BIN"";"
Speed/Indep/SourceLists/zMisc,SpoilerHatchModelPackFilename,data,1,CARS\SPOILER_HATCH\GEOMETRY.BIN,"const char* SpoilerHatchModelPackFilename = ""CARS\\SPOILER_HATCH\\GEOMETRY.BIN"";"
Speed/Indep/SourceLists/zMisc,SpoilerModelPackFilename,data,1,CARS\SPOILER\GEOMETRY.BIN,"const char* SpoilerModelPackFilename = ""CARS\\SPOILER\\GEOMETRY.BIN"";"
Speed/Indep/SourceLists/zMisc,SpoilerPorschesModelPackFilename,data,1,CARS\SPOILER_PORSCHES\GEOMETRY.BIN,"const char* SpoilerPorschesModelPackFilename = ""CARS\\SPOILER_PORSCHES\\GEOMETRY.BIN"";"
Speed/Indep/SourceLists/zMisc,WheelsModelPackFilename,data,1,CARS\WHEELS\GEOMETRY.BIN,"const char* WheelsModelPackFilename = ""CARS\\WHEELS\\GEOMETRY.BIN"";"
Speed/Indep/SourceLists/zMisc,WheelsTexturePackFilename,data,1,CARS\WHEELS\TEXTURES.BIN,"const char* WheelsTexturePackFilename = ""CARS\\WHEELS\\TEXTURES.BIN"";"
